cp_norm(rated),FC
[-],[g/h/kWrated]
Pdrive (Engine)= 22.11115
idle,6.225251
-0.2,3.857434
-0.1,10.89407
0,18.83705
0.1,32.91733
0.2,51.09933
0.3,72.51001
0.4,90.11015
0.5,107.4671
0.6,124.532
0.7,140.9465
0.8000001,157.361
0.9000001,173.7755
1,190.19
