cp_norm(rated),FC
[-],[g/h/kWrated]
Pdrive (Engine)= 19.39067
idle,10.82389
-0.2,4.995791
-0.1,13.34568
0,22.62047
0.1,39.36962
0.2,61.06668
0.3,87.8808
0.4,108.9163
0.5,137.4741
0.6,155.8149
0.7,186.5109
0.8000001,217.2069
0.9000001,247.903
1,278.599
